hash256,malware class
0b14c37c84d89fd4939173c7cdb22f18c76098756fdb90694a63232f68530050.png,Cryptbot
0c27861f03c8d88d8ad32b06a63f329a9ad895312abb6878600aeb9ce745b67a.png,Cryptbot
4d10776348522e720fd36f175f9f735039e4aa3ae9543886320cd75e45e77754.png,Cryptbot
5aec1cb903ac8b2b877603083a838004cd139caf58f4212e8d7c371f19e17b7c.png,Cryptbot
7a35c91fbd4871c10b50ecb9184da53ff57f61e3bd242347b108d7eaf2327434.png,Cryptbot
8f72e50fac72d3c5880f79997f6cf38026b00d6f907bcd80c5d780cf92db7158.png,Cryptbot
7756efa9a5914c3141479ab8de889d6aa48f25fed3997cc165fafd4b7ab54ff9.png,Cryptbot
0914519679dcf5949845252433430a5ab6854f6579e7adabcf36cffa5185624e.png,Cryptbot
a8a451b18143b192de1f6da327400e4fe0b629386d0c9dbf0d77e002e8ca6610.png,Cryptbot
ce75a3ba3e64b2893740fa4afc8900b4ffc7a802d55384a82f54c655dab57a84.png,Cryptbot
e3dbf48bf7232de2ba30108b1a2f786f720d9add5ff58f6ec6e642333f36fcbe.png,Cryptbot
f59b48307fc2ed62249e5a22b398fb7a042bf89289fb023639d768f2c3d8589a.png,Cryptbot
ff5fd7ba4cdd0a39e7a53346af5fdc790c47051d017e80b635c5b4ee82d5f1bd.png,Cryptbot
ffd998746e12ce104bfc905c9e37dd671b866717db084a7c0b4d1d6d8607ae52.png,Cryptbot
5e3562a7db4a4a4e1a7735346c32f004de20b841cdbcd06960aa3e7b17798357.png,FormBook
6e7b0c02690e332529c609a5797bd37b58f3c3dfbcc2117108496776c9f6be8a.png,FormBook
9b2bb2dcdb649d1dfe5950b852b8e7c488c48537ef120c6da719f07fffd12db1.png,FormBook
18c262c08dce6a59267af49ac575ddd996ebd7b1d8bcfb31cff9f9f9814cfd91.png,FormBook
26b9c2220fa1bef6a477b8303062792420b9fbf3eb4d21da840b11bf93c5d9dc.png,FormBook
27f7c51ecf059815a8a966e9bd52aea6951ac2dc93e7d7f8d240a80be0a85bec.png,FormBook
62efda39040d71a595108dfd292fb61e679bf01f1b1b07adfc61bf2696f33e0c.png,FormBook
92ea4b0cf6fcc26690114a899d13c975134d5e21b33d2cb6087ef8c336826f19.png,FormBook
729b60f2006a096d775e891d0f083927f301cccd8fd5fcd1726c4c65f3cabd44.png,FormBook
2052c5457f73fd782479cc78649b354721b86054b0d5ffb50eb5cb99ac54f88a.png,FormBook
9293b62e82e8e0d8e3bc41a3e0551e29a7186b9a1767bfcdfbedd205a0fc268f.png,FormBook
18911c12980ff90d3ca5b456a41ba93f6e63d14efa8763ee354c3684e0632795.png,FormBook
b1a91c1810bd8db96f6db127557106f98d371e14aac02324100d97635a8ddf8f.png,FormBook
ce9c1b9af59f8c865bac45a1772d8900f49b42f0b15a6ab0eacf9df4fb621604.png,FormBook
df4bbbe93a4e0bef7535125fb4e3515c76ceab4e01c374cde69d9c653d9c20a3.png,FormBook
0fe731eac32f92d3da0c90f990e37205a99e374f715902a469524205092bf951.png,Remcos
01fef4b2e1500e9ab7c52455175381c902315f1a052809cc2e487951ef758e3b.png,Remcos
025d52e9ef609c0c8f779d30f7afdf6bf004b74246cff079d04389e493de95c0.png,Remcos
00239f2e26383fd30a1a51eac1a1fa33a431804857436a5d0913394a626df244.png,Remcos
b8d1f5992893433a8c2b0e9fecf91b080e5446e6f27b17dfa56e577c509f9b6f.png,Remcos
b66667a5aa484226944052ab945d3dc99a7a67dfb5a2942dc9d84371ce752438.png,Remcos
bc105c877462710c7c844adfeaf61fdc377268721c5fdb552258cdad06ac7260.png,Remcos
bddc9c0e9743073c1580664512e8a5e9dc63515e451db089889e9566cff21355.png,Remcos
c215d9fa6adf6cef8e4256d0463f9603c41124a365a878d2ba775ebaef4f318b.png,Remcos
c71463ac4fb8dd985b249b61e54888137bea84dab7c202546e230eb450fc0969.png,Remcos
cc96865b5c3ab2e628febe0eb6799cd4677664f2e6c0b8436fcb85212d9d6164.png,Remcos
cd561d281663c60c97ba62ff7c8a870570bbe84aedcfac34b6905ec535fa7959.png,Remcos
cee279204b9fc45dae530e1a4276ec6475d258e6e788e7c902fd066c5ec4cad0.png,Remcos
d09fac81f046e9ea37a05b85fee006a1ff6eb6aafa872516c09a6a44264941a6.png,Remcos
e1f193deaa71595b668320d294635988f66c0f1ab1ab218e08fe3ae87fe10838.png,Remcos
1c19018dec9dbe68fc48099c662be25062e7a43e6658bf396c6cc8fb2f6d21af.png,RokRat
2be849154e91a1aa43a1914c7253f08f0029854d309ab4e3d0e264a7424ee8cc.png,RokRat
6c7ccc122fac3ed22879b0b82b2874a375ec9236827127ec784eafc607740a83.png,RokRat
7a3de858fad4871d76df43dea61f493be5c47ccee5bd29d907cddd649ae94f1d.png,RokRat
15ad522ec1e3313921cb6d311a87bca109ac311a3bfd416019fe64a7c60b3dc1.png,RokRat
15b7a9a420c80d9e2609f3933a23b233ddb6b3a0a6d0f28a92a20d2016f36cd7.png,RokRat
034fe3881efdcf850d43cfe8e2013c303db4b0a3729f61acce608cbeefa3b1d1.png,RokRat
38b26e2364bc081a90145838451341f14bda3cbd15bba54bf0114cab5d2f8667.png,RokRat
54eafd9bd8105444ccd57e92dc3bee43166532da0a71e26686fe9913956f6243.png,RokRat
a5f629e62e8012c0ead81b462bc05ec9d20395af3121f87961f9d2dfde908895.png,RokRat
b74d5e183bf67a8eb626871a81386a832270929adbb554d568f7988494052e41.png,RokRat
cb15dc95e0a14080e8c3df816b6d54a101c3b4a307a8db0d71131869602480d9.png,RokRat
ccefb2e84c53d0542fb29deee6bcc3f83583aac48f94c9e7e3a97b9473d73f5f.png,RokRat
f81185426901a3519e4d8d030d677ecf8a50d873fecfdd3980ef3ccfac785707.png,RokRat
0a4ec4fbd55120181c561f1d2fd8f83245241e2d82d9aeb365eb5630ecddab33.png,Stealc
2aa7c7b048a8f6309e245775046bd05d66a823b3a1a911d9bf93817cb91b3fb2.png,Stealc
4fd880095542555153305b76ed5ddfdd29ff801a2c89719b9b78a7b1f276de3b.png,Stealc
9ea5419cef3eba4b55697a827fa26e74e6fcc5fa4ff013cc97086d5e9e2d3f50.png,Stealc
26e70ce5246844690acc15b42d890012bf2d0df4fcdda2e3b5982d65b1731e65.png,Stealc
30b614408336deed002dcb9dbf0785e48ff68c25b1f5b5d741eac82b868ec32c.png,Stealc
91ba938ce71b08ce44d7a11f8ece24bc8054a98becf5d6b17709d17b46b3554e.png,Stealc
777a54bfc70de07fee25e9f2d527a242fb7681f6e86231811f69f030ab00c961.png,Stealc
76198db64bf16862b47203d12c9b9e3db2474b148cc79030a693a8dc281c1ccb.png,Stealc
836799fd760eba25e15a55c75c50b977945c557065a708317e00f2c8f965339e.png,Stealc
b558b00e2e427cf51f7f7353e46736f31cae7b0a74d0de8b8664d04939a1980f.png,Stealc
b8068b7ed8178038b7ca45255c1b6aaa28a5de77c2568568623c5356a4be98e6.png,Stealc
d4c14345863b9fb83682e0290bcaf631f7143638c86669b71f0221b58ba4e224.png,Stealc
effe809e569c9cc58ae383e2022c7624b318d9c74aa9e732b9649e6da497b120.png,Stealc
f6a3509d62ecfb46306ab67cd75d4addb466cdd9a76782889110ce50acd5f369.png,Stealc
3b914f143432c17ca607ba232ba0122f78096dc04dd7ce3d297ed0036f3b1545.png,Vidar
6c6ec35999113818b53305fdfd10b9afb24129d3299a06e2f8b4204f327ab98d.png,Vidar
86d1e9372127505a6200e134641390297bd255de3b742d874108cbf5670d3d9c.png,Vidar
393fdc548e466ad14530d328eae10582ee3397539b118bd37040f2489d14d004.png,Vidar
941e7002f11290e3ed9dd99d8cc0abc62f6cf69b923ae30b89741579854a8a70.png,Vidar
16358e5cb11b110f739d10d61f23ae9107f01e3757f1c1bbc3f0e71b7404e579.png,Vidar
44408030fc2d6ab0d35a060e03f750a4d53dd9045debd1c189da636d07e86147.png,Vidar
a1d7a27d0db33680df06c7b7ac1a58ba17c18843af52782f57ec7f94bb023a75.png,Vidar
be442a04bc031b4dc72835efeeeb025e9a103c8012382173965fba30bd3a96b9.png,Vidar
bf0ec48573b3690d9f02c89a5d9db94e51e847b3a9243f7b9ff43214a725a019.png,Vidar
d0e75a424812f8b899626795c8b929c40fdcbf09a0b7445d159f82256b896acf.png,Vidar
d1bd0c0a32f154e4a9c6eca1eafee762ccea17a390706025b63e657f0305f432.png,Vidar
ddf726e969a8bffd12506c6613fba2bc583a98e8b4361a9ac62ebc0f97704660.png,Vidar
de0508dc59523293fd16b194ed4f60124d1664ea8e6c329a6c1ba2d66aa6ad89.png,Vidar
f59f82ea9cbaa95389bbec5f80b427daa2e575c2827eaaede006590810809f9c.png,Vidar
0b80b6d2e6b7330c1f917dc01d612f6f314630edc8d05f3831689865990dcba5.png,Xworm
2e8c08abc070d55f30338ad1f69d6f9946fa7d31d069c3b4bc37b97053b569f5.png,Xworm
18dc423099be030506353e6b26762f2c789f22e79991192f4fae3e290afacc07.png,Xworm
130b8c87664cf95a9fee611a0c14098a4da51f6b768260ad40a7d28ff895aaf0.png,Xworm
25179f1c63031ba0b4daf7ff315f008d6f794eed2b5d486c796457cd4a8b4bce.png,Xworm
928330f885208481d2e3f738bde16a3b2d9144ac9307caed86f4e95720dcab70.png,Xworm
a49517269dab2fc8f80f5d86552d5e10ff4594dbac84966db96759e3a7bf5d54.png,Xworm
b0f67744cfbcd7fdb2faa1e907b1637405ad47b1bea55a67466660d1d8d6ff1b.png,Xworm
b93cdcf91d545e417a32ff25b0b91b50f838648e65e4444aac9d923edb8e44c1.png,Xworm
c2c61c5f82cb2d6c83ab49c6920ea7c6fb234d9b7b7c27371eaf32642bffb998.png,Xworm
cabb55baaa73ad45b57b3fad20beb4c7f7f5f63a84104404e5ae7c8cea4e1914.png,Xworm
dcc01abef7d4734c5694c36f9f61238153c357e094bda00f173bf3dbbbbdedef.png,Xworm
df349bbe786dfc2119667ef33ed4dfa987fcc153494513fc10572fa2af80c072.png,Xworm
f19f39a1030833ec381965932d4e3a827264130e622dd4da2bdad7d98f36764a.png,Xworm
